company,postings
United Soccer League,181
FocusKPI,117
Highmark Health,113
Booz Allen Hamilton,88
Maxor National Pharmacy Services,71
Deloitte,69
Robert Half,64
Eliassen Group,63
Norstella,51
Prime Therapeutics,42
Kforce Technology Staffing,38
Public Consulting Group,35
Insight Global,30
Constellation Energy,29
"BOOZ, ALLEN & HAMILTON, INC.",28
Apex Systems,27
"Judge Group, Inc.",24
Amazon,23
Forhyre,20
Genesis10,20
Oracle,18
Conduent,17
Harnham,17
RxBenefits,16
SAIC,15
Stellantis,15
AaraTechnologies Inc,12
ManpowerGroup,12
Wandata Tech,12
AARATECH,11
Meet Life Sciences,11
Bank of America,10
Matthews Asia,10
Randstad Digital,10
JPMorgan Chase,9
"Motion Recruitment Partners, LLC",9
"STM Consulting, Inc.",9
Software Guidance & Assistance,9
TEKsystems c/o Allegis Group,9
Accenture,8
Cushman & Wakefield,8
Huntington National Bank,8
"Meta Platforms, Inc.",8
"Pyramid Consulting, Inc.",8
Vaco by Highspring,8
Christus Health,7
FedEx Office,7
GovCIO,7
Na Oiwi Kane,7
Northeastern University,7
"Russell, Tobin & Associates",7
U.S. Bank,7
Aston Carter,6
"Electronic Consulting Services, Inc",6
FanDuel,6
First Horizon Bank,6
Molson Coors,6
PNC Financial Services Group,6
Prescient Edge,6
Serco,6
Stefanini,6
US Tech Solutions,6
Brooksource,5
CHRISTUS Health,5
Capital One,5
Chenega MIOS,5
Community Care Cooperative,5
ConvaTec,5
Cox Automotive,5
Dhalite Inc.,5
Elevance Health,5
General Dynamics Information Technology,5
HCA Healthcare,5
HTC Global Services Inc,5
Horizontal Talent,5
"Innova Solutions, Inc",5
Mindlance,5
SENIOR CARE THERAPY,5
SUNSHINE ENTERPRISE USA LLC,5
T. Rowe Price,5
The University of Utah,5
"US Tech Solutions, Inc.",5
Xoriant Corporation,5
CELESTAR CORPORATION,4
"CGI Technologies and Solutions, Inc.",4
Community Health Systems,4
INSPYR Solutions,4
Integral Federal,4
ManTech International,4
Mercor,4
Motion Recruitment,4
NBC Universal,4
"Pyramid Consulting, Inc",4
"Quality Technology Services, LLC",4
Stellar IT Solutions,4
TekSynap,4
The Alexander Group,4
The Hartford,4
AMH,3
"Adecco US, Inc.",3
C4 Technical Services,3
CVS Health,3
"Cetera Financial Group, Inc.",3
Collabera LLC,3
Compunnel Inc.,3
Constellation,3
Convatec,3
"Creative Information Technology, Inc",3
Cynet Systems,3
DTCC,3
"Daley And Associates, LLC",3
Deluxe,3
Fiserv,3
Futuremindz llc,3
GDH,3
Govcio LLC,3
Honu Services,3
IQVIA,3
Incpg,3
Innosoul inc,3
Interpret,3
Ledgent Technology,3
MHK TECH INC,3
Mastech Digital,3
Molson Coors Beverage Company,3
Nalley Consulting,3
Northrop Grumman,3
Penske Truck Leasing,3
Raas Infotek LLC,3
Redhorse Corporation,3
Redolent,3
Resideo,3
Russell Tobin,3
Sabre Systems,3
Sanofi Group,3
Senior Care Therapy,3
TalTeam,3
Tandym Tech,3
Trans Union LLC,3
"V-Soft Consulting Group, Inc",3
"V-Soft Consulting Group, Inc.",3
"iSpace, Inc",3
nLeague Services,3
3 Squared Technology Group,2
48forty Solutions and Relogistics Services,2
4P Consulting,2
ATA Services Inc,2
Aasritha infotech Inc,2
Abbott Laboratories,2
Acclaim Technical Services,2
Aditi Consulting,2
Affinity Development Group,2
Affordable Care,2
AgreeYa Solutions,2
Akin,2
Alpha Omega Integration LLC,2
Altitude Technology Solutions Inc,2
Aroha Technologies,2
Arthur Lawrence,2
Arvato Bertelsmann,2
"Athena Technology Group, Inc.",2
Athenahealth,2
"Belcan, LLC",2
"Berkeley Research Group, LLC",2
"Boston, MA",2
Bradesco Bank,2
CBRE,2
CONAGRA,2
CUNY,2
CXI Staffing,2
Cache Creek Casino Resort,2
Capgemini,2
Cardinal Health,2
CareFirst,2
Caresoft,2
"Cayuse Holdings, LLC",2
Chubb,2
Citizens,2
City National Bank,2
Collaborative Solutions,2
"Compusoft Integrated Solutions, Inc.",2
"Computer Merchant, Ltd., The",2
Covista,2
Crédit Agricole CIB,2
Curtis Lane Holdings LLC,2
Cyber Resource Provider LLC,2
DGN Technologies,2
DataSync Inc.,2
Dexian DISYS,2
EPAM Systems,2
EXL,2
"Edify Technologies, Inc.",2
Elevance health,2
FM,2
Fuel Cycle,2
GE Vernova,2
Gov Services Hub,2
Grange Insurance Association,2
Guidehouse,2
HAYS,2
HighLevel,2
Hitachi,2
Independence Pet Group,2
"InfoVision, Inc.",2
InterSources Inc.,2
Intercontinental Exchange,2
Invictus,2
J.B. Hunt Transport,2
JPMorganChase,2
JSR Tech Consulting,2
JTM Food Group,2
Johns Hopkins Applied Physics Laboratory,2
Jostens,2
KIK Consumer Products,2
KellyMitchell Group,2
"Knowledge Management, Inc",2
Labcorp,2
Lord Abbett,2
Luck Companies,2
MANTECH,2
MUFG,2
Maania Consultancy Services,2
Morgan Stanley,2
Mortenson,2
Mount Sinai Health System,2
My3Tech,2
NBCUniversal,2
NRMP,2
Na 'Oiwi Kane,2
"Neo Prism Solutions, LLC",2
Net2Source,2
Neuberger Berman,2
OP Consulting Group LLC,2
OneMain Financial,2
PEMCO,2
PTR Global,2
Panasonic North America,2
Penn Medicine,2
Pitney Bowes,2
Prestige Staffing,2
Promantis Inc,2
Prosum,2
Provision People,2
PwC,2
Quadel Consulting & Training,2
R Systems,2
RTX Corporation,2
"Raymond James Financial, Inc.",2
Recruit Professional Services,2
Renaps,2
"Request Technology, LLC",2
Rose IT Corp.,2
Ross,2
SPMB,2
Sanford Health,2
Saransh Inc,2
Siemens,2
Siemens Energy,2
Sotheby's,2
SpaceX,2
Stagwell Global LLC,2
Stellar Professionals LLC,2
Strategic Staffing Solutions,2
"Symbioun Technologies, Inc",2
System One,2
TEKsystems,2
TIAA,2
Talent Software Services,2
"Talent Software Services, Inc",2
Tech-Marine Business,2
"TechniPros, LLC",2
Tekcel8,2
The Atlantic Group,2
The Goodyear Tire & Rubber Co.,2
The Goodyear Tire & Rubber Company,2
Thermo Fisher Scientific,2
ThermoFisher Scientific,2
Trane Technologies,2
Tria Federal,2
TriosysIT Inc.,2
Two Six Technologies,2
US Main,2
Unisys,2
"Utilities Service, LLC",2
VIVA USA INC,2
Veloc Inc.,2
Visionary Innovative Technology Solutions LLC,2
Vistra Corp,2
WM,2
Walmart,2
allwhere,2
eClerx,2
8 OZ LLC,1
804 Technology,1
"A & G International Trade, Inc.",1
A-Line Staffing Solutions LLC,1
A-TEK,1
A.O. Smith,1
A3T,1
ACCLiiVE,1
ACI Infotech,1
ACI Worldwide,1
AGIA,1
AIG Insurance,1
AIR Communities,1
"AIT Global, Inc.",1
AMAZON,1
AMISEQ,1
APN Consulting Inc,1
ARCO,1
ARK Infotech Spectrum,1
ARUP Laboratories Career,1
ATA ANALYTIQ LLC,1
AVID Technical Resources,1
AWG Enterprises,1
AXIS,1
AbbVie,1
Abnormal,1
Accelerant,1
Accenture Federal Services,1
Accenture Infrastructure and Capital Projects,1
Access Data Consulting Corporation,1
Accommodations Plus International,1
Accylerate,1
"Ace Technologies, Inc.",1
Acrisure,1
Actalent,1
Acuity Knowledge Partners  Inc.,1
Adient,1
AdientOne LLC,1
Adswerve,1
Adtech,1
Advanced Software Talent,1
Advantage Tech,1
"Advent Global Solutions, Inc.",1
Affirm,1
Agil3 Technology Solutions,1
Air Apps,1
Akidev Corporation,1
Alchemy Software Solutions LLC,1
AllSTEM Connections,1
Alpha Business Solutions,1
"AmTrust Financial Services, Inc.",1
Amentum,1
American Air Filter International,1
American Association Of Motor Vehicle Admin.,1
American Business Forms,1
"American Express Travel Related Services Company, Inc.",1
American Homes 4 Rent,1
American Integrity Insurance Company,1
American Veterinary Group,1
Amiri,1
Amiseq Inc.,1
Amplifon,1
Amrize,1
Amtex Enterprises,1
Analytic Recruiting Inc.,1
Anchor Point Management Group,1
Apar Technologies,1
Apexon,1
AppleOne,1
"Aptino, Inc.",1
Aquirant,1
Aramark,1
"Arbor Research & Trading, LLC",1
Archer,1
Arizona 811,1
"ArnAmy, Inc.",1
Arnex Solutions LLC,1
"Arrow Electronics, Inc.",1
"Artech, LLC",1
Artemis Consultants,1
Ascendum Solutions,1
Aspire Health Partners,1
Asset Staffing,1
Associate Staffing,1
Assurant,1
Assured,1
Astrion,1
Atari,1
"Atash Enterprises, LLC",1
"Atlanta, GA",1
Atlantic Group,1
Atlassian,1
Attractivate LLC,1
Auto Club Of Southern Calif,1
AutoStore System,1
Autodesk,1
Avantiico,1
Axos Bank,1
BCforward,1
BD,1
BMO Financial Group,1
"BWX Technologies, Inc.",1
Ball Corporation,1
Ballston Spa National Bank,1
Bandwidth,1
Banner Life Insurance Company,1
Banyan Global,1
Baptist Healthcare System,1
BayOne Solutions,1
Baylor College of Medicine,1
Beacon Health System,1
Beacon Hill,1
Becton Dickinson & Company,1
Becton Dickinson Medical Devices,1
Beneficial Reuse Management,1
Berger Communities,1
Berkadia,1
"Best Doctors Insurance Services, Llc",1
Beth Israel Lahey Health,1
Beyond Feedback,1
Bill Brandt Ford Inc.,1
Bio-Techne,1
Blackstraw LLC,1
Blackwood Solutions,1
Blue Rose Technologies LLC,1
BlueCross BlueShield of South Carolina,1
BlueLabs,1
BlueLabs Analytics,1
Bluebono,1
Bluefin Payment Systems,1
Boardwalk,1
Bombardier,1
Bonita Springs Utilities,1
Booker DiMaio,1
"Booker DiMaio, LLC",1
Boston Associate Software Systems,1
Bow Wave LLC,1
Brains Technology Solution,1
"Brains Workgroup, Inc.",1
Bridge Energy,1
Bridgeport Financial Technology,1
Brightwing,1
Brilliant Infotech Inc.,1
"Buffalo Grove, IL",1
Burlington,1
Butler,1
C2 GPS—Workforce Solutions Greater Dallas,1
CACI,1
CACI International,1
CAI,1
CAYS Inc,1
CGI,1
CHAMP,1
CHS Inc.,1
COOLSOFT,1
COUNTRY Financial,1
CSL Behring,1
CSS LLC,1
CTG,1
CWA Recruiting,1
"CX DATA LABS, LLC",1
CalPortland,1
Calculated Hire,1
Calibrate,1
"California SoftTech, Inc.",1
Calpion/Plutus Health,1
Cambridge Associates,1
"Campbell & Company, LP",1
"Canon U.S.A., Inc.",1
Canyon Associates,1
Capgemini Government Solutions,1
Cardlytics,1
Carrier,1
Castellum Inc,1
Catalent Pharma Solutions,1
Catalyze,1
Catbird,1
CenterLight Health System,1
Centers for Independence,1
Centurion Consulting Group,1
Chase,1
"Chillicothe, IL",1
Choices Careers,1
Christian Science,1
CiraInfoTech,1
Clarios,1
ClearBridge Technology Group,1
Client Server Software Solutions,1
Cliff Services Inc,1
ClinDCast LLC,1
Cloud Consulting Services Inc.,1
Cloud Space LLC,1
Coalition For Responsible Community Dev,1
Codex,1
"Cogent IBS, Inc",1
Community Memorial Hospital - Ventura,1
Commure,1
Compri Consulting,1
"Compunnel, Inc.",1
"Computer Enterprises, Inc.",1
"Conduent Bus Proc Optimization Srvs, Inc",1
ConfigUSA,1
ConnectWise,1
Connective Business Solution,1
Connvertex Technologies Inc.,1
Consolidated Electrical Distributors,1
Constellation West,1
Continental Battery Systems,1
Continental Finance Company,1
Cook Group,1
Copart,1
Corewell Health,1
Cornerstone Defense,1
Corteva Agriscience,1
Crescent Solutions,1
Cresset,1
Crown Equipment Corporation,1
Cummins Inc.,1
Cuyahoga County Juvenile Court,1
Cypress HCM,1
Cystems Logic,1
Cytek Biosciences,1
DASI,1
DATAEXL INFORMATION LLC,1
DATASYS CONSULTING & SOFTWARE INC,1
DCM Infotech Limited,1
DFND Security,1
DHRM,1
DKMRBH Inc,1
DP Professionals Inc,1
"DPP Tech, Inc.",1
DRC Systems USA LLC,1
DSCC,1
DTSV,1
"DVI Technologies, Inc.",1
DaVita,1
Dahl Consulting,1
Daikin Applied Americas,1
Daimler Truck North America,1
Dakota Bodies,1
Dana-Farber Cancer Institute,1
Datasire,1
Decisionpoint Corporation,1
Deep Blue Investment Advisors,1
DeepRec.ai,1
Denver Regional Council of Governments,1
"Detroit, MI",1
Deutsche Bank,1
Dexian,1
Dext Capital,1
Diamond Hill,1
Discovery Land Company,1
Diverse Lynx Llc,1
Diversified Careers,1
Dow Jones & Company,1
DrFirst,1
Drata,1
Driscoll Children's Hospital,1
Duke Energy,1
Duluth Trading Company,1
Dynanet Corporation,1
ECS,1
"EITAcies, Inc.",1
"ENGINEERING SERVICES NETWORK, Inc.",1
ESRhealthcare and EXEC STAFF RECRUITERS,1
"Early Warning Services, LLC",1
East Daley Analytics,1
Educated Solutions Corp,1
Edward Jones,1
"Ekman Associates, Inc",1
"Ekman Associates, Inc.",1
Elder Research,1
"Elder Research, Inc.",1
Elegant Enterprise Wide Solutions,1
Elevated Resources,1
Ellianse LLC,1
Ellis Medicine,1
Embry-Riddle Aeronautical University,1
Emonics LLC,1
EmpiRx Health,1
Empire,1
Encompass Supply Chain Solutions,1
Encore Consulting Services,1
Energy Transfer,1
Entergy,1
Enterprise Business Solutions Inc,1
Enterprise Minds,1
Essen Medical Associates,1
Essense of Australia,1
Estuate Inc.,1
Esvee Technologies Inc,1
Euclid Innovations,1
Eurasia Group,1
Eurofins US Network,1
Everest Technologies,1
Everwise Credit Union,1
Evolve Careers,1
Excelon Solutions LLC,1
Expedient Staffing Solutions,1
"Expedite Technology Solutions, LLC",1
Experis,1
FWI,1
Factspan Inc,1
Fairbanks Morse Defense,1
Fairfax Water,1
Family Farms Inc,1
Feetures,1
Ferrovialcompany,1
Financial Analyst Opportunity - Woodlands,1
First Chicago Insurance Company,1
First Interstate Bank,1
First Quality,1
First Soft Solutions,1
FirstBank,1
Fitt Scientific Llc - Totalsource,1
FlairTech Solutions,1
FoodStory Brands,1
Fremont Solutions Group,1
Frost & Sullivan,1
"Full Employment Council, Inc.",1
Fusion 2 Inc,1
Fusion HCR,1
FutureTech Consultants LLC,1
Fuze Health,1
Fynbosys Inc,1
GAINSCO,1
GCI Communication Corp,1
"GCI, Inc",1
GD Information Technology,1
GXO Logistics,1
Galent,1
Gamma,1
Gaston County Schools,1
Gateway Geospatial Group,1
Gellert Global Group,1
GenAquarius LLC,1
Generac Power Systems,1
Generis TEK Inc.,1
Gentis Solutions,1
GeoWealth,1
"Gep Administrative Services, Llc",1
Global Connect Technologies,1
Global Soft Systems,1
Globex IT Solutions INC,1
Golden Resources. Inc.,1
Golden Technology,1
Good Inside,1
Grainger Businesses,1
Grand Circle,1
Gsd&M,1
Guggenheim Investments,1
H-S International,1
HD Supply,1
"HEPCO, Inc.",1
HII Mission Technologies,1
HUB International,1
Hamblen County School District,1
Hanwha Techwin America Inc,1
Harman Becker Automotive Systems Manufacturing Kft,1
Harvey Nash,1
Havas Group,1
Havas Media,1
Healthcare IT Leaders,1
Healthix,1
Hearth & Home Technologies,1
"Henderson, NV",1
Hepburn and Sons LLC,1
Heraeus Group Inc,1
Hilliary Communications,1
Hire IT People,1
Hire Tech Services,1
HireTalent - Staffing & Recruiting Firm,1
Hisense USA,1
Hologic,1
Home Depot,1
Home Office Careers,1
HonorVet Technologies,1
Howmet Aerospace,1
Hub International Insurance,1
Huntington Ingalls Industries,1
Hyundai Capital,1
I Mab Biopharma US Limited,1
INFICON,1
IO Datasphere,1
"ISR Info Way, Inc.",1
ISite Technologies Inc,1
ITW,1
Icon Protection,1
Idealforce LLC,1
Illumio,1
"Impact Confections, Inc.",1
Imperative Care,1
In-House Health,1
InStride Health,1
InVita Healthcare Technologies,1
Incline P&C Group,1
Indiana Packers Corporation,1
Indotronix International Corp,1
"Infinite Computing Systems, Inc.",1
Infinite Tek Inc.,1
"Infinitice, LLC",1
InfoVision,1
"Information Resource Group, Inc.",1
Information Technology Engineering Corporation,1
Inhabit Iq,1
Inizio Ignite,1
Instasks App platform,1
IntePros,1
Integra LifeSciences,1
"Integrated Technology Strategies, Inc.",1
Intellect Quest LLC,1
Intellisoft Technologies,1
Intelliswift - An LTTS Company,1
Intelliswift Software Inc,1
InterDent,1
"International Logic Systems, Inc.",1
International Paper,1
Intraedge,1
Intrepid Prosperity,1
Intrepid Solutions and Services,1
"Intrepid Solutions and Services, LLC",1
Invest Puerto Rico,1
Ipsos,1
J.B. Hunt,1
JM Eagle,1
JM Family,1
JPI,1
JPMorgan Chase & Co.,1
JSM Consulting,1
Jacobson Group,1
James Hardie,1
JazzHR Product Team,1
Johnson Technology Systems Inc,1
K-Tek Resourcing LLC,1
KBR,1
KPG99 INC,1
Kanshe Infotech,1
Kapco Career,1
Kellton,1
Kingland,1
Kirkland & Ellis LLP,1
Kodeva LLC,1
Kodiak,1
Koniag Government Services,1
Krispy Kreme,1
Kymatic Advisors LLC,1
Kyra Solutions,1
L3Harris,1
LV Search Partners,1
LaSalle Network,1
Lake County Schools Consortium,1
Lake Of The Torches Resort & Casino,1
LanceSoft Inc.,1
"LanceSoft, Inc.",1
Launch Potato,1
Leading Path Consulting,1
Leidos,1
"Liberty Personnel, Inc",1
Lifekind Health,1
Live! Casino·Hotel,1
LiveMindz,1
Lockheed Martin,1
London Approach,1
"Lorven Technologies, Inc.",1
Love & Company,1
Lynn Community Health Center,1
M&T Bank,1
M-Team Solutions,1
MARS IT,1
MASH Pro Tech,1
MAVLRA CORPORATION,1
MCLAUGHLIN RESEARCH CORP,1
MIGSO-PCUBED,1
MTech Systems,1
MUFG Investor Services,1
Maagsoft Inc.,1
Mainz Brady Group,1
Marathon TS Inc,1
Mariner Investment Group,1
Markon,1
Marquette Associates,1
Marriott International,1
Masis Staffing Solutions,1
Matrix-IFS,1
Maven Companies,1
"Maxima Technologies, LLC",1
MaximaTek,1
"Maxor National Pharmacy Services, LLC",1
Mayo Clinic,1
"Mayvin, Inc",1
McLaughlin Research Corporation,1
Medasource,1
"Medline Industries, LP",1
Meraki7 Inc,1
Micro1 inc.,1
Microsoft,1
Microsoft Corporation,1
Mid-State Technical College,1
Mission Support and Test Services,1
"Modern Agile Technologies, LLC",1
Molina Healthcare,1
Morley,1
MotoRad Ltd.,1
Movement Search & Delivery,1
Mpower Plus Rezolve AI Group LTD,1
Mutually Human,1
Myridius,1
NANA Regional Corporation,1
NCR Atleos,1
NESC Staffing,1
NLB Services,1
"Nasscomm, Inc.",1
Nationwide Energy Partners,1
Nava Software Solutions,1
NavaTech LLC,1
Nestortechnologies Inc,1
NetApp,1
NetworkPedia,1
Nevada National Security Sites,1
Newt Global,1
NexTech Solutions,1
"Next Level Business Services, Inc.",1
NextGen Global Resources,1
Nextgen Information Services,1
Nexwave,1
Niktor LLC,1
NinjaTrader,1
Noblis,1
Nodak Insurance Company,1
North Carolina Jobs,1
Northern Bank,1
Novalink Solutions LLC,1
Novo Nordisk,1
NuAxis Innovations LLC,1
Nukasani Group,1
OPENLANE,1
"OSI Engineering, Inc.",1
Ocean Bank,1
OhioHealth,1
Oklahoma State Government,1
"OneZero Solutions, LLC",1
Openmind Technologies,1
Oppenheimer & Co.,1
Opto International Inc,1
OpusClip,1
Orion Business Innovations Careers,1
Oscar,1
Oxford Global Resources,1
P2PSoftTek Inc,1
PD Inc,1
PIMCO,1
PJM,1
"PMO Partners, LLC",1
PROCYON Technostructure,1
PSEG,1
Pacer Group,1
Pacific Life,1
"Paladin Consulting, Inc.",1
Palmer Group,1
Palmer Square Capital Management LLC,1
Palo Alto Networks,1
PaloAlto Networks,1
Pape Material Handling Inc,1
Parkland Center for Clinical Innovation,1
Patriot Talent Solutions,1
Penna Lumbermens Mut Ins Co,1
Pennsylvania State Employees Credit Union,1
Penske,1
People Tech Group,1
Peraton,1
Perkins&Will,1
Pet Paradise,1
Petadata,1
Peterson Technology Partners,1
Philadelphia Gas Works,1
Philadelphia Insurance Companies,1
Phillip Capital Inc.,1
Photon Group,1
Phyton Talent Advisors,1
Pleasant Prairie Logistics,1
Polaris Industries,1
PolarisGov,1
Prabhav Services Inc,1
Precision Resources,1
"ProSidian Consulting, LLC",1
Procter & Gamble,1
Propelling Tech,1
Providence,1
Prudential Financial,1
Public Storage,1
"QED Systems, LLC",1
QTech US Inc,1
Qualified Health,1
Qualis1 Inc.,1
Quantum Search Partners,1
Quincy Mutual Group,1
RADGOV INC,1
RENEWABLE POWER PARTNERS,1
ROCS Grad Staffing,1
RPM Living,1
"RSC2, Inc.",1
Ralliant,1
Ravh IT Solutions,1
Raymond James,1
"Rayomind Software Solutions LLC, DBA, Hire'in Solutions",1
Raytheon,1
Ready Foods Inc.,1
RedSeal,1
Redo,1
Reed Smith LLP,1
Regional Finance,1
Regions Bank,1
Renesas,1
Renesas Electronics,1
"Reputation Institute, Inc.",1
Reser's,1
Resident Interface,1
"Resolution Technologies, Inc.",1
Resource 1,1
Reveille Technologies,1
Revel IT,1
Rialtic,1
Rivago infotech inc,1
Rividium,1
"Rividium, Inc",1
Rogers Corporation,1
Ryman Hospitality Properties,1
S Linx LLC,1
S3 Connections LLC,1
S3 Staffing USA,1
SANS,1
SATCON Inc,1
SBI Partners,1
SCOUT Solutions,1
SDH Systems,1
SECURE RPO LLC,1
SES,1
SESHENG LLC,1
SHI,1
SOIMEXCS,1
SPECTRAFORCE,1
SPHERIX GLOBAL INSIGHTS US INC,1
SS&C,1
SSI People,1
SSN Group LLC,1
STAND 8,1
STS Engineering Solutions,1
SWI,1
SYSTEM SOFT TECHNOLOGIES LLC,1
Sacrum Technologies LLC,1
Safe-Guard Products International Llc,1
Saint Luke's,1
Salinas Valley Health,1
"Samsung Hvac America, Llc",1
Sanrose Information Services Inc.,1
Sarah Cannon Research Institute,1
Satwic Inc,1
Schwan's Company,1
Scottsbluff Public Schools,1
Search Solution Group,1
SearchForce,1
SecureVision,1
Sehlke Consulting Llc,1
Selby Jennings,1
Seneca Resources,1
Sensiple Inc.,1
Serco Inc.,1
Sharp Decisions,1
"Shimento, Inc.",1
Simpson Thacher & Bartlett,1
Sinai Health System,1
"Sincera Technologies, Inc.",1
Siro Clinpharm Pvt Ltd,1
Skanska,1
Skillify Solutions,1
Skullcandy,1
Slide Insurance,1
Sligo Software Solutions,1
Smart Synergies,1
Smartapp,1
Snapshot Cat,1
Snowflake,1
Sodexo,1
Softratech LLC,1
"Software Methods, Incorporated",1
"Software Resources, Inc.",1
Soho Square Solutions,1
Solace,1
Solar Landscape,1
Solomons International,1
"Solution Partners, Inc.",1
Source Code Technologies LLC,1
South Side Healthy Community Organization,1
Southern Bank And Trust,1
Southern California Edison,1
Southern States Toyotalift,1
Southstate Bank,1
Spar Information Systems,1
Speak,1
Speridian Technologies,1
Sriven Systems Inc.,1
St. Luke's Health System,1
Staples,1
State Farm,1
Steadily,1
SteerBridge,1
Stefanini Group,1
Stellar Consulting Solutions,1
Strategic Resources International,1
Substack,1
Sun Harbor Advisors LLC,1
Sungrow,1
Sunrise Senior Living,1
Surya Systems,1
Sutoer Solutions,1
Sutton Bank,1
"Svam International, Inc.",1
SwiftX Inc.,1
Swoon,1
Symbiotic Consulting Group,1
SynergisticIT,1
SyntheticFi,1
"Sysintelli, Inc",1
"Sysmind, LLC",1
System Edge  L.L.C.,1
"TAD PGS, Inc.",1
TAG - The Aspen Group,1
TD Bank,1
TECHNEPTUNE CONSULTING INC,1
TEGNA,1
TELUS Digital,1
TJ Consulting Group,1
Talentrupt,1
"Tampa, FL",1
Tanisha Systems,1
Tanson Corp,1
Target Hospitality,1
Tata Consultancy Services,1
Tax.com,1
Taylor Morrison,1
Tech Consulting,1
Tech Mahindra  Inc.,1
Tech Observer,1
Tech Providers Inc.,1
TechHuman,1
TechOp Solutions International,1
TechYantram Solutions,1
Techgene Solutions LLC,1
"Technogen, Inc.",1
Techoundsllc,1
"Techtronic Industries North America, Inc.",1
Tecomet,1
TeleSolv Consulting,1
Teledyne,1
Teleflex,1
"TempWorks Software, Inc",1
Tencent,1
TetriQ Solutions LLC,1
Texas Children's Medical Center,1
Thales,1
The Avian Consulting LLC,1
The Carrera Agency,1
The Columbia Group,1
The Encompass Group,1
"The Mice Groups, Inc.",1
The People Placers,1
The Planet Group,1
The Select Group,1
The Walt Disney Company,1
Tidal Financial Group,1
Timothy Jon & Associates,1
Topsort,1
Toyota Motor North America,1
Tradewind Aviation,1
Trellance LLC,1
TriCom Technical Services,1
TriOptus,1
TrueHire Staffing LLC,1
Turner & Townsend,1
Twenty-Nine Palms Band Of Mission Indians,1
Two95 International Inc.,1
UNC Health Care,1
USA Today Network,1
Ubertal Inc,1
Uline,1
"Unify Technologies, Inc.",1
Unikon IT,1
Unique System Skills LLC,1
"Unissant, Inc.",1
University of Idaho,1
University of Maryland,1
University of Mississippi Medical Center,1
University of North Texas System,1
University of Southern California,1
Upside,1
"Ursus, Inc.",1
"V.L.S. Systems, Inc",1
VDart Inc,1
"VDart, Inc.",1
VLinc,1
VSB Tech Consulting Services,1
VSG Business Solutions LLC,1
VSolvit,1
Valueprosite,1
"Varite, Inc.",1
Vbeyond Corporation,1
Vera Bradley,1
Vertex Education,1
Vertiv Group,1
Vets Hired,1
Vimerse Infotech Inc,1
Virisha LLC,1
Visionaire Partners,1
Visionary Innovative Technology Solutions,1
Visit Grand Junction,1
Visual Comfort & Co,1
Vitamix,1
Vitol,1
Vrddhi Solutions,1
Vsolvit,1
WK&T,1
WSFS Bank,1
Watson Clinic,1
Wb Mfg,1
Wellington Management,1
West Fraser,1
Western & Southern Financial Group,1
Whiz Global LLC,1
WiSC Enterprises,1
Wilson Connectivity,1
Windsor Fashions,1
Wintrust,1
Wireless Vision,1
WiserHunt Inc.,1
Woodland School District 50,1
World Bank Group,1
Worldhire,1
Worldpay,1
Writer,1
XTGlobal,1
Xcede Group Inc.,1
Xecutive Recruitment Inc.,1
Xerox,1
Xerxes Global,1
Yami,1
ZIM Integrated Shipping Services,1
"Zachary Piper Solutions, LLC",1
Zealogics,1
Zekelman,1
Zfinity Global,1
Zimmerman Advertising,1
Zions Bancorporation,1
Ztek Consulting,1
Zydus Pharmaceuticals USA,1
dentsu,1
eNGINE LLC,1
"eSolutionsFirst, LLC",1
"eTek IT Services, Inc.",1
ektello,1
gates training,1
isolve technology inc,1
kyyba,1
vCloudchoice,1
webfx.com,1
